Clin Instr-Vol,200
Writer,883
Physcn 3,1428
Assoc Clin Prof-Vol,1799
Survey Worker Sr,2590
Language Ast,3486
Agricultural Tchn Sr,4780
Admin Stipend,4830
Asst Clin Prof-Vol,5469
Ath Trainer 2,5638
Military/Air Sci&Tactics Asst,6234
Lab Mechn Helper,6280
Musician 1,6669
Enterprise Risk Mgt Anl 1,6915
Faculty Recruitment Allow,8056
K To 14 Acad Prep Spec 1,8932
Admin Ast 2,9064
Visiting Professor - Fiscal Yr,10000
Asst Res-Ay-1/9,10000
Lect-Miscellaneous/Part Time,11104
HR Mgr 3,11111
Department Chair,11373
Professor Recalled-Acad Yr-1/9,12000
Professor-Acad Yr-Recalled,12500
Stdt Health Physcn 3 Pd,12841
Adj Prof-Fy,13333
Financial Svc Anl 1,13695
Prof Emeritus(Wos),14590
Employment Mgr 1,14631
Bibliographer 2,14662
Info Sys Anl 1,15771
Remd Tut II Non-Gship/Non Rep,16118
Storekeeper Ast,16780
Ath Intern,16869
Cook Ast,16873
Coop Ext Advisor,17133
Photographic Tchn Sr,17907
Editor Ast,19158
Assoc Adj Prof-Ay-1/9-B/E/E,19408
Adj Prof-Ay-1/9-B/E/E,19668
Assoc Res-Ay-1/9,21482
Electr Tchn Prn,22282
Drafting Tchn Prn,22556
Pharmacist Pd,22617
Counseling Psychologist 2,24283
Clinic Ops Supv 1,26169
Artist,26668
Agricultural Tchn,27711
Storekeeper Ld,28196
Clin Lab Sci Pd,28448
Tchl Project Mgr 3,30219
Recreation Prg Instr,31757
Stdt Life Dev Spec 1,31868
Radlg Tchno Pd,34327
Scene Tchn Ast Pd,35248
Visual Comm Mgr 1,36000
Vst Professor-Acad Yr-1/9 Pmt,37500
Psychologist 1,37781
QA Release Mgt Anl 1,38250
Broadcast Comm Spec 1,38871
Equip Operating Engr Worker Ld,39015
Early Childhood Educ Mgr 2,39359
Res-Ay-1/9-B/E/E,39453
Fld Wk Consult-Fy,40240
Field Rsch Supv 1,40305
Coord Public Prog III,41185
Photographer Sr,41850
Musician 2,41879
Museum Educ Supv 1,42573
Phys Ther 4,43785
Sound Tchn,43814
Coord Fld Wk-Ay,44816
Publ Educ Supv 2,45000
Computer Resc Spec 1,45040
Glazier,45272
Health Educator 3,46578
Proj Scientist-Fy-B/E/E,46976
Hosp Ast,47492
Sys Adm 1,47804
Fac Mgt Spec 1,48287
HR Ast 2,48786
Planning Spec 2,48979
Av IT Spec 3,49433
Illustrator Sr,50104
Television Tchn,50878
Tree Trimmer Ld,51017
Admin Ast 1,52298
Survey Worker,52386
Bus Sys Anl 1 Nex,52611
Clerk,53707
User Experience Designer 2,54980
Rsch And Dev Engr Supv 2,55575
Act Instr-Grad Stdnt-Gship,56668
Broadcast Comm Supv 1,56809
Recording Tchn,57295
Radlg Tchno,57351
Med Rcds Tchn,57884
Exhibitions Supv 1,58555
Musician 3,59293
Publications Prod Supv 1,60238
Acad HR Anl 1,60358
Health Educator 1,62319
Clinic Ops Adm 4,62479
Enterprise Risk Supv 2,62538
Res ---- - Recalled,63428
Theater Prod Spec 2,63830
Tree Trimmer,64129
Lab Instruction Supv 1,64170
Projectionist Sr,64277
Irrigation Mech Ld,64700
Department Vice Chair,65000
Government Rel Spec 3,65438
Hosp Ast Sr,66050
Av IT Engr Mgr 1,66056
Benefits Anl 3,66399
Photographer Prn,66655
Nursery Tchn,67063
Curatorial Supv 2,67528
Television Tchn Sr,67595
Res-Ay-1/9,67992
Recycling Refuse Svc Supv 1,68181
General Svc Other Supv 1,68437
Cement Mason,69169
Pest Cntrl Opr,69601
Television Engr,69727
Advocate 4,70485
Comm And Network Tchl Anl 2,70659
Librarian-Temp Status,71299
Storekeeper Sr Ld,71748
Roofer Ld,72320
Mail Svc Mgr 1,72367
Compensation Anl 5,72408
Lect-Fy,72503
Continuing Appt-Temp Aug-1/9,72703
Employee Rel Repr 3,73547
Procurement Supv 1,74734
Customer Svc Supv 2,74798
Publ Safety Dispatcher Ld,75404
Lab Glassblower Prn,75603
Equip Operating Engr,76202
Recreation Coach Mgr 1,76965
Av IT Supv 2,77261
Stdt Disability Supv 2,77386
Glazier Worker Ld,80345
Recycling Refuse Svc Mgr 1,80578
Assoc Prof-Fy,81000
Av IT Supv 1,81217
Television Tchn Prn,81275
Ath Supv 2,82050
Museum Educ Mgr 1,83028
Project Policy Anl Mgr 1,83288
Ehs Spec 1 Nex,84390
Aerospace Tchn 3,85650
Ombudsperson 4,86432
Police Svc Supv 1,86924
Admissions Recrmt Spec 1,87333
Optometrist 4,88599
Performing Arts Mgr 1,88780
Asst Prof Of Clin-Fy,89411
Field Researcher 4,89453
Exhibitions Mgr 1,89589
EEO Repr 4,90780
Stores Worker,91689
Parking Repr Ld,91755
Parking Ops Enforcement Mgr 1,92510
Dev Tchn 3,92622
Radlg Tchno Sr,92641
Theatrical Prod Supv 1,93350
Data Sys Anl 1,93731
Admin Ast 3,93883
Sheetmetal Worker Ld,94004
Publications Prod Mgr 1,94044
Machinist Worker Ld,94083
Auto Tchn Ast,94409
Broadcast Comm Mgr 1,95609
Psychologist 2,95646
IT Security Anl 3,96542
Health Educator 2,96599
Clin Nurse 3,96861
Project Policy Anl 1,97100
Applications Progr 1,98047
Fac Mgr 3,98742
Financial Anl 1,100808
Hosp Ast 1 Pd,100825
Clin Lab Sci,101622
Stdt Advisor Mgr 2,101645
Planning Spec 4,101645
QA Release Mgt Anl 2,101731
Custodial Mgr 1,102961
Cart Captionist Pd,103392
Insulation Worker Ld,103955
External Rel Spec 1,103962
Career Svc Spec 5,104565
Counsel 3,104788
Reader-Non Stdnt,104917
Lab Ast 4,105103
Contract Adm 2,105164
Clin Lab Mgr 1,105663
Farm Maint Worker Sr,105759
Media Comm Spec 1,105815
Tchl Project Supv 2,106461
Structural Engr 3,106863
Stdt Legal Svc Advisor 3,107313
Coord Public Prog IV,107366
Asst Res-Ay-1/9-B/E/E,107672
Structural Engr 4,108000
Custodian Leader,108506
Assoc Prof Of Clin-Fy,110320
Events Spec 1,111546
Museum Educator 2,111571
Adj Prof-Fy-B/E/E,111637
Rsdt Advisor 2,111800
Assoc Prof In Res-Ay,112543
Clin Lab Sci Spec,112592
Coord Fld Wk-Ay-Continuing,113315
Asst Law Librarian,113931
Stdt Disability Spec 4,114143
Written Comm Mgr 1,114744
Massage Therapist 2,115228
IT Architect 3,115651
Fundraiser 1 Nex,115662
Procurement Anl 1,117232
Museum Educator 3,117664
Scene Tchn Pd,117795
Exec Ast 5,117949
Stdt Disability Mgr 2,118107
Procurement Mgr 1,118118
Phys Plt Laborer Gardener A,118233
Publ Educ Spec 1,118407
Career Svc Spec 2,118858
Stdt Svc Advisor 1,119142
Library Ast 2,119517
Trainer 2,119542
Enterprise Risk Mgr 1,119872
Lifeguard,120138
Enterprise Risk Mgt Anl 2,120276
Clin Nurse Supv 2,120606
Stdt Disability Spec 3,120919
Phys Ther Mgr 1,121943
Fundraising Supv 1,121974
Coord Fld Wk-Fy-Continuing,122201
Bus Sys Anl Mgr 1,122748
Tchl Project Mgt Profl 5,123232
Contract Admst Mgr 1,124437
Theater Prod Spec 4,124502
Hs Asst Clin Prof-Fy,124960
Rsch Cmplnc Anl 2,126372
Admin Nurse Profl 4,128215
Events Crd 2,128357
Lab Rsch Supv 1,129204
VC Rsch,129229
Ath Mgr 2,129977
Ath Mgr 1,130121
Stdt Disability Spec 2,131077
Database Adm 2,131847
Paralegal 2,132440
Labor Rel Mgr 2,132656
Lab Helper,133152
Fld Wk Supv-Fy,133186
Cement Mason Ld,133269
Prof Of Clin-Hcomp,133358
Prof In Res-Ay-B/E/E,134071
Asst Res-Ay-B/E/E,134471
Teacher-Spec Prog-Continuing,134611
Exec Chef 4,134847
External Rel Mgr 2,135122
Act Asst Prof-Ay,135833
Security Guard,135993
Stdt Volunteer,137910
Ombuds Mgr 1,138411
Intellectual Property Mgr 1,138420
Stdt Life Dev Mgr 2,138550
Comm Mgr 3,139849
QA Chef 3,140578
Academic Coord I-Ay,142039
Compensation Mgr 2,142341
Customer Svc Supv 1,142978
Nurse Practitioner Pd,143242
Curatorial Mgr 2,143314
Ehs Tchn Sr,143733
Clin Nurse Mgr 2,145200
Assoc Librarian-Temp Status,145261
Cart Captionist,145768
Supv Pe-Ay,146393
K To 14 Acad Prep Mgr 3,146421
Audit Mgr 2,147148
High Volt Electrn Ld,147174
Continuing Educator I,147248
Library Ast 1,147784
Events Supv 1,148894
Recreation Prg Instr 3,149078
Nursery Tchn Sr,149470
Gen Accountant 2,149533
Intellectual Property Ofcr 2,149589
Stdt Svc Mgr 3,149638
Food Svc Mgr 3,149793
Career Svc Mgr 3,151097
Inspection Mgr 3,151375
Comm Mgr 2,152525
Lect-Ay-1/9-Continuing,152587
Assoc Prof Of Clin-Hcomp,153347
Acad HR Mgr 3,154073
Ombudsperson 3,154398
Library Bookbinder Sr,154510
Groundskeeper,155140
Financial Aid Mgr 3,155361
Health Educator 5,156975
Marketing Supv 2,157017
Publ Educ Mgr 1,157366
Elevator Mech Ld,157456
Asst Univ Librarian,158956
Mail Processor Sr,160837
Employee Rel Mgr 2,160980
Exhibitions Spec 4,161017
Pharmacy Mgr 1,161224
Library Bookbinder,161250
Artist Sr,161524
Registrar Collection Supv 2,161529
User Experience Designer 3,162554
Editor,162787
Procurement Mgr 3,163600
Pharmacy Tchn 1,164167
Physcn Mgr 2,164772
Stdt Disability Supv 1,167064
Univ Prof,168213
Marketing Supv 1,169511
Counseling Psychology Mgr 2,169913
Employment Repr 4,171194
Child Dev Ctr Teacher 1 Pd,171918
Auto Equip Opr Prn,172691
Postdoc-Fellow,172945
Food Svc Worker Prn,173779
IT Security Mgr 2,173931
Ehs Mgr 3,174829
Spectroscopist,175242
Const Insp 5,176196
Institutional Rsch Mgr 3,176458
Recreation Prg Instr 1,176460
Enterprise Risk Mgr 2,177529
Admissions Recrmt Mgr 3,177886
Asst Specialist Coop Ext,178717
Electr Tchn,179288
Insulation Worker,180995
Recreation Prg Leader 3,181755
Recreation Prg Leader 2,182473
Assoc Res-Ay,182684
Benefits Anl 4,185013
Stdt Disability Mgr 1,185136
Rsch Cmplnc Mgr 3,186038
Hs Assoc Clin Prof-Ay,187301
HR Mgr 2,187446
Asst Prof In Res-Ay,187728
Applications Progm Mgr 3,187768
Tchn 3,189497
Ath Profl 4,190861
Police Chf Mgr 3,191655
Recreation Supv 2,192565
Counseling Psych Intern Ex,192670
Teacher-Unex-Contract Yr,193153
Audit Mgr 3,193603
Parking Ops Enforcement Supv 1,193805
K To 14 Acad Prep Spec 5,194004
Health Educ Mgr 1,194130
Irrigation Mech,194951
Hs Clin Instr-Hcomp,195229
Fire And Security Sys Tchn,195530
Stdt Health Physcn 4 Pd,195623
Health Care Adm Mgr 3,196006
External Rel Supv 1,196826
Intellectual Property Mgr 3,197716
Av IT Mgr 1,197749
Collections Repr Sr,198620
Fac Project Mgt Spec 2,198623
Social Work Mgr 1,198921
Fac Project Mgr 3,200144
HR Mgr 4,200394
Psychology Intern Ex,201970
Sys Admst Supv 2,203025
Survey Researcher 2,203429
Hs Assoc Clin Prof-Hcomp,205092
Storekeeping Supv 1,205556
Assoc Specialist Coop Ext,207142
Theater Prod Spec 3,207277
Career Svc Mgr 2,207351
Accounting Mgr 1,207420
QA Release Mgt Anl 3,208315
K To 14 Acad Prep Spec 2,208371
Stdt Life Dev Spec 2,208956
Parking Repr Sr,209142
Accounting Supv 2,209456
Digital Comm Spec 5,209545
Prof-Fy-B/E/E,209892
Hs Assoc Clin Prof-Fy,210930
Employment Repr 5,211092
Law Librarian,211208
Comm And Network Tchl Supv 2,211546
Painter Worker Ld,212416
Early Childhood Site Crd 4,213078
Optician,213136
Dean Univ Ext,213534
HR Ast 3,213687
Museum Preparator Prn,216195
Rsch Cmplnc Anl 5,216516
Academic Administrator Vi,216871
VC Equity And Inclusion,217576
Financial Aid Ofcr 2,218795
Curatorial Mgr 3,219339
Stdt Health Physcn 5 Pd,220909
Planning Spec 3,221659
Ombudsperson 5,223012
Acad Prg Mgr 1,224395
Stdt Svc Mgr 4,224465
Accounting Mgr 4,224643
Financial Anl Mgr 3,224921
Procurement Supv 2,228849
Marketing Spec 5,230655
Ehs Mgr 1,232267
Asst Res-Ay,233274
Recreation Mgr 1,236200
Events Mgr 1,237395
Physcn 5,237627
IT Security Anl 5,237627
Asst Librarian-Temp Status,237704
Media Comm Mgr 1,238390
Financial Svc Supv 1,239308
Hs Clin Instr-Fy,239900
Food Svc Mgr 2,240192
Stdt Advisor Supv 2,242819
Accounting Mgr 2,243023
Assoc Vice Provost,244600
Scene Tchn Sr Pd,245610
Government Rel Spec 4,245625
Producer Dir,246076
VC Stdt Affairs,246546
Librarian-Potntl Career Status,247744
Staff Pharmacist 1 Ex,249192
Fundraising Mgr 4,249260
Government Rel Spec 5,249311
Field Rsch Mgr 1,249507
Career Svc Mgr 1,251825
Storekeeper,253323
Acad Achievement Supv 2,255081
Curatorial Mgr 1,256718
Museum Preparator,257832
Tut-Gship,257858
Mail Processor,258003
Performing Arts Mgr 3,258060
Prof Of Clin-Fy,258651
Chf Campus Counsel,258754
Supv 2,258988
Comm Mgr 4,260211
Stdt Svc Supv 1,260727
Veterinarian 3,262588
Ath Profl 1,263009
Museum Sci Ast,263058
Stdt Acad Mgr 1,263419
K To 14 Acad Prep Mgr 2,263782
Assoc Law Librarian,266877
Bus Sys Anl Supv 2,267049
VC Undergrad,267208
Enterprise Risk Mgt Anl 3,268385
Audit Profl 3,268845
Prod Cntrl Mgr 1,269309
Lect Psoe-Ay-100%,270088
Nurse Pd,270153
Compensation Anl 4,272926
Ath Profl 2,273325
Employment Repr 2,274005
Recreation Coach 3,275288
Museum Educator 1,276354
Ehs Mgr 2,277076
Sty Engr Worker Ld,278569
Univ Librarian,279632
Institutional Rsch Anl 3,282636
External Rel Supv 2,283777
Financial Anl Mgr 4,284475
Engr Tchn Supv 2,285865
Database Adm 5,288675
Tut-Non Stdnt,291262
Comm And Network Tchl Mgr 1,292613
Assoc Director,296505
Labor Rel Repr 4,297314
Admissions Recrmt Supv 2,298291
Audit Profl 4,299635
Fld Prog Supv,301813
Data Sys Mgr 2,302776
Aerospace Engr 5,308518
Sys Adm 5,309128
Events Supv 2,310104
Lab Mechn,312164
Fld Wk Consult-Ay,312825
Stdt Acad Spec 3,312992
Data Sys Anl 5,313027
Security Supv 1,313644
Health Care Adm Mgr 2,317477
Plumber Pipefitter Worker Ld,318235
Skld Crafts And Trades Mgr 1,318363
Asst Agron Aes-Ay-B/E/E,319352
Physcn Mgr 3,319445
Machinist,322843
Nurse Practitioner 3,327187
Ehs Tchn Prn,327716
Scene Tchn Prn,328191
Sys Admst Mgr 2,330240
Training Dev Mgr 1,331109
Dev Tchn 4,332872
Asst Dean,335098
Assoc Adj Prof-Ay-B/E/E,336854
Financial Svc Mgr 3,337729
Rsch Cmplnc Anl 4,337851
Counseling Psychologist 4,340298
Enterprise Risk Mgt Anl 4,341894
Comm Supv 2,342960
Food Svc Worker Ld,343811
Vis Assoc Res,344456
Career Svc Supv 2,349493
Custodial Supv 2,350910
Accounting Mgr 3,351252
Producer Dir Sr,351584
Curator 4,352003
Fld Wk Consult-Ay-Continuing,353818
Lab Rsch Supv 2,354418
Contract Adm 5,355622
Musician 4,356200
Fac Mgr 1,357320
Planning Mgr 3,357470
Procurement Anl 5,358906
Bus Tchl Supp Supv 1,359279
Contracts And Grants Mgr 3,359945
Financial Aid Mgr 1,362140
Optometrist 3,362350
Ath Mgr 4,362456
Fac Project Mgr 2,362859
Assoc Curator,364080
QA Release Mgt Anl 4,365793
Camp Cnslr,367756
Assoc Proj Scientist-Fy-B/E/E,369426
Av IT Engr 4,369665
Contracts And Grants Mgr 2,370398
Hosp Blank Ast 1,372209
Benefits Anl 2,373387
Registrar Collection Mgr 1,373641
Ehs Supv 2,376681
Early Childhood Educ Supv 2,382867
Steamfitter Worker Ld,383418
Enterprise Risk Mgt Anl 5,384736
Acad Achievement Cnslr 2,389420
VC CFO,389469
Marketing Spec 4,389718
Hs Clin Prof-Hcomp,391117
Hosp Blank Ast 3,392634
Media Comm Spec 5,395578
Elevator Mech,397088
Rsch And Dev Engr 5,398806
Media Comm Spec 2,403011
Institutional Rsch Anl 5,403564
Scene Tchn Sr,404514
Stdt Life Dev Mgr 1,407766
Stdt Acad Mgr 2,409026
Tchn Prn,409479
Prof In Res-Ay,410375
Info Sys Supv 2,413696
Stdt Life Dev Mgr 4,417097
Phys Ther 3,418879
Procurement Anl 2,421590
Ehs Spec 2 Nex,423300
Continuing Educator III,426807
Payroll Supv 2,429124
Acad Achievement Cnslr 5,432588
Assoc Univ Librarian,434463
Financial Aid Supv 2,434855
Cook Sr,437524
Police Captain Mgr 2,442782
Stdt Acad Supv 2,442896
Data Proc Prod Crd Prn,443097
Financial Aid Mgr 2,445413
Rsch Cmplnc Anl 3,445907
Hs Clin Instr-Ay,450582
Gen Accountant 5,450601
Info Sys Mgr 4,455354
Exec Advisor Mgr 3,455426
Lect Soe-Ay,456825
Assoc Fld Prog Supv,457172
External Rel Mgr 1,457994
Comm And Network Tchl Anl 5,458062
Academic Coord II-Ay,462367
Curriculum Planner 3,462576
Fac Mgt Spec 4,464809
Digital Comm Mgr 1,466863
Acad Achievement Cnslr 3,467238
Library Supv 2,468928
Hosp Blank Ast 2,469677
Act/Interim Dean,471829
Bldg Maint Worker,472395
Library Mgr 1,473069
Info Sys Anl 2,474186
Av IT Spec 4,477557
Hs Clin Prof-Fy,479637
Exec VC And Provost,479948
Health Educator 4,482464
Electr Tchn Sr,483755
Landscape Grounds Supv 1,484334
Counseling Psychology Mgr 1,489105
Assoc Librarian-Potntl Career,492417
Electrn Worker Ld,492862
Acad Achievement Mgr 1,493082
Marketing Mgr 1,493423
Food Svc Mgr 1,494872
Stdt Advisor Mgr 1,498038
Carpenter Locksmith Worker Ld,499852
Publications Prod Spec 2,503703
Assoc Librarian -Career Status,503820
Acad HR Anl 5,503920
Contract Adm 3,504818
Sra 2 Nex,506014
Stdt Acad Spec 2,508871
External Rel Mgr 3,513661
Applications Progr 5,513809
Counsel 4,513940
Lab Instruction Supv 2,515588
Ath Mgr 3,515780
Financial Anl Supv 2,515966
Admin Supv 1,516047
Recreation Supv 1,520791
Vice Provost,521150
Assoc In__-Ay- 1/9 -Non-Gship,523732
Painter,524579
Customer Svc Mgr 2,525675
K To 14 Acad Prep Mgr 1,527443
Hs Asst Clin Prof-Hcomp,537104
Rsch And Dev Engr Mgr 2,537530
Stdt Svc Mgr 2,538500
Gen Accountant 4,539391
Continuing Appt-Temp Aug,540270
Fac Project Mgr 4,545984
Chan,546140
Exec Advisor Mgr 2,548940
Bus Sys Anl 2 Nex,549496
Data Sys Anl 2,557229
Truck Driver,559396
Chef 2,563993
Stdt Acad Advisor 2,564506
Admissions Recrmt Mgr 1,572891
Financial Aid Ofcr 4,577262
Vis Res,578319
Financial Svc Mgr 2,580610
Comm And Network Tchl Anl 3,584098
Coord Public Prog V,585163
Stdt Life Devt Supv 2,587669
Ehs Spec 5,587826
Police Lieutenant Mgr 1,590837
Comm Mgr 1,595189
Child Dev Ctr Ast,597027
Database Adm 3,601146
Vis Asst Proj Scientist,601358
Organizational Cnslt 3,604366
Library Supv 1,605621
Admissions Evaluator 3,607287
Publ Safety Dispatcher,608996
Career Svc Spec 3,609524
Payroll Anl 3,611989
Continuing Educator II,613562
Storekeeper Sr,615268
Vis Assoc Prof,616281
Employee Rel Repr 4,618286
Asst Adj Prof-Ay,631107
Custodian Leader Sr,632432
Financial Anl 2,632937
Publications Prod Spec 4,633309
Media Comm Spec 3,635743
Nurse Practitioner 2,638071
Procurement Anl 3,640252
Database Adm 4,641032
Exec Ast 4,642891
Sys Admst Mgr 3,650138
Organizational Dev Mgr 1,656008
Stdt Life Devt Supv 1,657896
Lab Mechn Sr,658653
Acad HR Mgr 1,659136
Food Svc Supv 2,664243
Phys Plt Laborer Gardener Ld,669009
Media Comm Spec 4,669312
Sys Adm 2,669940
Comm And Network Tchl Anl 4,680931
Hs Clin Prof-Ay,682078
Auto Equip Opr Sr,688156
High Volt Electrn,688160
Fac Project Mgt Spec 5,690079
Rsch And Dev Engr Mgr 1,693570
Financial Svc Mgr 1,696251
Employment Repr 3,696927
Trainer 3,698702
Tchl Project Mgr 1,707192
Academic Appt,723152
IT Architect 4,725681
VC Dev And Univ Rel,727396
Contract Adm 4,729756
Academic Coord III-Fy,735520
Dev Tchn 5,736029
Rsch And Dev Engr 1,738813
Sales Spec 3,742703
Events Spec 4,745206
Hs Asst Clin Prof-Ay,751534
Clin Social Worker 3,753497
Data Sys Mgr 1,754847
Lab Ast 1,769302
Rsch Adm 5,772280
Planning Spec 5,772308
Coord Public Prog Vii,774582
Applications Prg Supv 2,777101
Skld Crafts And Trades Supv 2,777812
Physcn Mgr 1,788878
Assoc Res-Fy-B/E/E,793681
Bldg Maint Worker Ld,802978
Agron Aes-B/E/E-Ay,809672
Marketing Spec 2,813937
Tchn Sr,827388
External Rel Spec 2,839767
Fundraising Mgr 2,841764
Applications Progm Mgr 2,852352
IT Architect 5,854479
Ath Trainer 3,854510
Contracts And Grants Mgr 1,858271
Tchl Project Mgt Profl 3,860682
Stdt Life Dev Spec 4,862088
Vis Asst Res,881333
Adj Prof-Ay-B/E/E,884289
Custodian Ld,890565
Applications Progr 2,890719
Stdt Acad Spec 4,902437
Clin Nurse 2,904715
Assoc Agron Aes-Ay-B/E/E,907114
Academic Administrator Vii,915510
Financial Svc Anl 4,924454
Res-Ay-B/E/E,927135
Tchl Project Mgt Profl 2,928268
Stdt Health Physcn 5,938845
Visual Comm Spec 4,943525
Exec Advisor 4,953506
Fac Mgr 2,954588
Bus Sys Anl 5,964727
Asst Agron Aes-Ay,965485
Coord Public Prog Vi,968652
Payroll Anl 2,974512
Stdt Activities Appt Official,985240
Data Sys Anl 3,987261
Coord Public Prog Viii,987694
Institutional Rsch Anl 4,988760
User Experience Designer 4,990616
Bus Tchl Supp Supv 2,995410
Clerk Sr Or Secr,1007464
Stdt Svc Supv 2,1011473
Events Spec 2,1011521
Lab Ast 3,1015102
Admin Supv 2,1017244
Aerospace Mgr 3,1022888
Bldg Maint Worker Sr,1035949
Coach Ast 2,1047542
Teacher-Spec Prog,1050415
Agron Aes-B/E/E,1051308
External Rel Spec 5,1062115
Acad Prg Mgr 2,1070433
Publications Prod Spec 3,1079472
Res-Ay,1081522
Asst Proj Scientist-Fy-B/E/E,1087749
Custodial Supv 1,1087767
Fac Project Mgt Spec 3,1090683
K To 14 Acad Prep Spec 3,1100008
Financial Svc Supv 2,1102508
Intellectual Property Ofcr 4,1109387
Ehs Spec 4,1117941
K To 14 Acad Prep Spec 4,1132294
Sys Admst Mgr 1,1132910
Food Svc Supv 1,1141932
Tut-Non Gship,1159541
Admissions Recrmt Spec 2,1161282
Acad Achievement Cnslr 4,1166184
Aerospace Engr 4,1168190
Teachg Asst-Non Gship,1172554
Acad HR Anl 2,1179507
Publ Educ Spec 4,1228449
Writer Editor 4,1233775
Admin Mgr 4,1235329
Rsch Data Anl 2,1246729
Rsch Data Anl 3,1247312
Stdt Health Physcn 4,1252442
HR Supv 2,1252579
Lab Ast 2,1254950
Stdt Acad Advisor 4,1262447
Child Dev Ctr Teacher 1,1263927
Sr Lect Soe-Ay,1290485
HR Generalist 4,1290937
Project Policy Anl 5,1298907
Admissions Recrmt Spec 4,1312497
Organizational Cnslt 5,1313473
Reader-Non Gship,1324842
Sra 4,1347585
Lab Mechn Prn,1348901
Assoc Adj Prof-Ay,1355971
Data Sys Anl 4,1370370
Fac Supv 1,1410941
Fac Mgt Spec 3,1416178
Assoc Proj Scientist-Fy,1432852
Museum Sci Sr,1450104
Counseling Psychologist 3,1463306
Comm Spec 3,1473979
Marketing Spec 3,1487850
Recall Teaching,1491074
Museum Sci,1497911
Vis Asst Prof,1498298
Financial Anl Mgr 2,1503993
IT Security Anl 4,1509309
Financial Aid Ofcr 3,1531698
Plumber Pipefitter,1540943
Vis Prof,1551931
Rsch Adm 2,1563008
Aerospace Mgr 2,1567960
Aerospace Engr 2,1572279
Res-Fy-B/E/E,1586434
Specialist Coop Ext,1597858
Steamfitter,1601281
Financial Anl 5,1643113
Police Sergeant Supv 2,1662097
Contracts And Grants Supv 2,1681562
Reader-Gship,1684413
Info Sys Mgr 2,1692425
External Rel Spec 4,1692926
Asc Head Coach Crd 4,1695751
Electrn,1709775
Sty Engr,1724219
Fundraising Mgr 3,1726488
Financial Anl Mgr 1,1730902
Acad HR Anl 4,1739142
Info Sys Mgr 3,1747479
Phys Plt Laborer Gardener B,1757639
Exec Advisor 5,1758395
Stdt Life Dev Spec 3,1761815
Sr Lect-Ay-Continuing,1765144
Prof-Fy,1777108
Stdt Svc Mgr 1,1781370
Aerospace Engr 3,1788117
Writer Editor 3,1823862
Tchl Project Mgt Profl 4,1834278
HR Mgr 1,1836064
Organizational Cnslt 4,1837306
Library Ast 4,1839884
Gen Accountant 3,1852785
Stdt 4,1872452
Applications Progm Mgr 1,1875101
Blank Ast 1,1903892
Fundraiser 2 Nex,1923997
Trainer 4,1954534
Ehs Spec 3,1973297
Publ Educ Spec 2,2006493
Digital Comm Spec 4,2019169
Recreation Prg Instr 2,2048680
Recall Non-Faculty Acad,2066408
Fundraising Mgr 1,2066856
Ath Profl 3,2075393
Info Sys Mgr 1,2101075
Fac Mgt Spec 2,2102429
Fundraiser 5,2147454
Jr Specialist,2172842
Acad HR Anl 3,2194330
Asst Specialist,2216330
Cook,2220303
Asst Proj Scientist-Fy,2220909
HR Generalist 2,2246315
Sra 1,2259507
Lect In Summer Session,2265794
Library Ast 3,2272373
Carpenter Locksmith,2293988
External Rel Spec 3,2333525
Info Sys Anl 4,2384829
Act Prof-Ay-Law,2426976
Fac Project Mgt Spec 4,2454688
Rsch And Dev Engr 4,2464415
Stdt Svc Advisor 4,2470924
Career Svc Spec 4,2479064
Library Profl 4,2484921
Sra 2,2548004
Computer Resc Spec 2,2574488
Admin Mgr 3,2663160
Rsch And Dev Engr 2,2702898
Rsch And Dev Engr 3,2772459
Assoc Agron Aes-Ay,2786480
Academic Coord I-Fy,2803890
Comm Spec 4,2807767
Admin Ofcr 4,2860749
Admissions Recrmt Spec 3,2889320
Proj Scientist-Fy,2892857
Sra 3,2914211
Bus Tchl Supp Anl 3,2930463
Security Guard Sr,2931471
Gsr-Partial Fee Rem,2996327
Food Svc Worker Sr,3019604
Stdt Svc Advisor 2,3054345
Admin Mgr 2,3062267
Asst Res-Fy-B/E/E,3067279
Events Spec 3,3168630
Assoc Res-Fy,3311709
Agron Aes,3327835
Publ Educ Spec 3,3459538
Acad Prg Mgt Ofcr 5,3490728
Digital Comm Spec 3,3497994
Recall Faculty,3503699
Adj Prof-Ay,3582923
Project Policy Anl 2,3712550
Bus Sys Anl 4,3722497
Exec Ast 3,3748951
Fundraiser 3,3797746
Director,3799457
Financial Svc Anl 3,3823003
Stdt 1,3858098
Bus Sys Anl 3,4006643
Coach Ast 3,4056989
Bus Tchl Supp Anl 2,4176468
Assoc Dean,4277022
Sys Adm 4,4278320
HR Generalist 3,4321319
Fundraiser 4,4479588
Police Ofcr,4600876
Financial Anl 3,4634406
Stdt Acad Advisor 3,4656546
Agron Aes-Ay,4787360
Info Sys Anl 3,4861852
Project Policy Anl 4,4936885
Stdt 3,5080720
Acad Prg Mgt Ofcr 4,5111818
Dean,5173206
Sys Adm 3,5295745
Asst Res-Fy,5488396
Gsr-Tuit & Fee Rem,5520390
Res-Fy,5521345
Admin Mgr 1,5554105
Librarian-Career Status,5761437
Project Policy Anl 3,5921597
Stdt Svc Advisor 3,6125163
Rsch Adm 3,6133115
Financial Anl 4,6151140
Gsr-No Rem,6326983
Admin Ofcr 3,6356628
Teacher-Unex,6602842
Rsch Adm 4,6713624
Lect-Ay-1/9,6784902
Financial Svc Anl 2,6918953
Academic Coord II-Fy,6992173
Custodian,7114338
Admin Ofcr 2,7381214
Applications Progr 4,7971874
Blank Ast 2,7985310
Custodian Sr,8067870
Assoc Prof-Ay-B/E/E,8294966
Assoc Specialist,8365873
Assoc In __ -Ay-1/9-Gship,9628653
Head Coach 5,9710081
Lect-Ay,9792652
Applications Progr 3,10275823
Specialist,11438068
Lect-Ay-Continuing,12362954
Asst Prof-Ay-B/E/E,12932949
Stdt 2,14269585
Prof-Ay-Law,15076648
Asst Prof-Ay,15586291
Blank Ast 3,25925869
Gsr-Full Fee Rem,26590605
Assoc Prof-Ay,28541119
Teachg Asst-Gship,29415931
Postdoc-Employee,39780085
Prof-Ay-B/E/E,52401578
Prof-Ay,100729882
