Stdt 1,4209
Stdt 2,1749
Teachg Asst-Gship,1357
Gsr-Tuit & Fee Rem,741
Prof-Ay,424
Blank Ast 3,386
Postdoc-Employee,361
Recreation Prg Instr,306
Stdt Volunteer,296
Stdt 3,255
Custodian Sr,177
Remd Tut I-Non Gship,164
Stdt Activities Appt Official,155
Lect-Ay-1/9,151
Blank Ast 2,151
Assoc Prof-Ay,143
Anl 2,135
Anl 1,134
Stdt 4,132
Computer Network Tchno 3,125
Rsdt Ast,118
Prof-Ay-B/E/E,115
Reader-Non Gship,115
Stdt Affairs Ofcr 2,113
Teacher-Unex-Contract Yr,106
Lect-Ay-Continuing,99
Assoc Specialist,89
Lect-Ay,89
Stdt Affairs Ofcr 1 Pd,88
Asst Prof-Ay,84
Stdt Affairs Ofcr 3 Ex,84
Jr Specialist,82
Stdt Aid Outside Agency,80
Computer Network Tchno 2,79
Anl 3,75
Stdt Affairs Ofcr 1,71
Cook,69
Dir,67
Asst Specialist,65
Lab Ast 1,63
Anl 4,62
Computer Network Tchno 4,56
Gsr-No Rem,55
Mgr,54
Anl 3 Supv,54
Assoc In __ -Ay-1/9-Gship,53
Reader-Gship,49
Sra 2,47
Lect In Summer Session,45
Assoc In__-Ay- 1/9 -Non-Gship,44
Intercol Ath Coach Ast Ex,41
Computer Network Tchno 5,40
Anl 5,40
Library Ast 3,39
Anl 4 Supv,39
Asst Proj Scientist-Fy,36
Stdt Affairs Ofcr 4 Supv,34
Remd Tut II-Non Gship,33
Stdt 2 Non Uc,33
Police Ofcr,33
Bldg Maint Worker Sr,32
Groundskeeper,31
Lab Ast 3,31
Dev Ofcr 2,30
Anl 5 Supv,29
Laborer,29
Dir Asc,28
Sra 3,28
Counseling Psychologist 2 Msp,28
Teachg Asst-Non Gship,27
Painter,27
Gsr-Partial Fee Rem,26
Child Dev Ctr Teacher 2,26
Recall Faculty,26
Food Svc Worker Sr,25
Res-Fy,25
Dev Engr Sr,25
Assoc Prof-Ay-B/E/E,24
Vis Asst Prof,24
Stdt Affairs Ofcr 4,23
Academic Coord II-Fy,23
Recall Teaching,23
Artist Sr,22
Stdt 1 Non Uc,22
Anl 2 Supv,21
Rsdt Dir 1,21
Sra 1,21
Lrng Skls Cnslr,20
Hosp Blank Ast 1,20
Specialist,20
Librarian-Career Status,20
Computer Network Tchno 1,19
Lab Ast 2,19
Library Ast 2,19
Cook Prn,19
Asst Prof-Ay-B/E/E,18
Blank Ast 1,18
Asst Res-Fy,18
Hvac Mech,18
Rsdt Dir 2,17
Dir Ast,17
Intercol Ath Head Coach Ex,16
Cook Sr,16
Academic Coord I-Fy,16
Sr Lect Soe-Ay,16
Dean Ast,16
Stdt Affairs Ofcr 5 Supv Ex,16
Dev Engr Asc,15
Asst Proj Scientist-Fy-B/E/E,15
Laborer Ld,14
Food Svc Supv Prn,14
Dev Engr Prn,14
Proj Scientist-Fy,14
Adm Crd Ofcr,14
Food Svc Mgr Sr,13
Stdt Affairs Ofcr 3 Supv,12
Const Insp Sr,12
Vis Prof,12
Electrn,12
Lect Soe-Ay,12
Dev Ofcr 1,12
Accountant 1,12
Carpenter,11
Storekeeper Sr,11
Plumber,11
Assoc Res-Fy,11
Dev Ofcr 3,11
Sra 4,11
Sr Lect-Ay-Continuing,10
Stdt Health Physcn 5,10
Spec,10
Lect-Ay-1/9-Continuing,10
Writer Sr,10
Storekeeper Ast,10
Assoc Proj Scientist-Fy-B/E/E,9
Recall Non-Faculty Acad,9
Academic Coord II-Ay,9
Dev Engr Ast,9
Computer Network Tchno 6,9
Library Ast 4,9
Computer Network Tchno 3 Supv,9
Parking Repr Sr,9
Skld Trades Mech,9
Bus Sys Anl 2 Ex,8
Counseling Psych Intern Ex,8
Publ Info Repr Sr,8
Ehs Spec 1 Ex,8
Ehs Spec 2 Ex,8
Phys Plt Supt Sr,8
Publ Events Mgr,8
Assoc Librarian -Career Status,8
Academic Appt,8
Food Svc Crd,8
Ehs Tchn Sr,7
Dean,7
Groundskeeper Ld,7
Scene Tchn Sr,7
Publ Safety Dispatcher,7
Electr Tchn Prn,7
Food Svc Mgr,7
Stdt Affairs Ofcr 2 Supv,7
Publ Events Mgr Sr,7
Lect Psoe-Ay-100%,7
Locksmith,7
Ath Trainer,7
Stdt Intern,7
Proj Scientist-Fy-B/E/E,7
Police Sergeant,7
Nurse Practitioner 2,6
Musician,6
Library Ast 4 Supv,6
Laborer Sr Ld,6
Vis Res,6
Staff Pharmacist 1 Nex,6
Editor Sr,6
Academic Coord III-Fy,6
Bus Sys Anl 1 Nex,6
Ehs Spec 3,6
Food Svc Mgr Ast,6
Blank Ast 3 Supv,6
Anl 1 Supv,6
Reader-Non Stdnt,6
Museum Sci Prn,6
Grounds Equip Opr,6
Res-Ay,5
Lifeguard,5
Vis Assoc Prof,5
Electr Tchn,5
Phys Plt Supt Ast,5
Auto Tchn,5
Food Svc Worker Ld,5
Accountant 3 Supv,5
Baker,5
Library Ast 5,5
Electr Tchn Sr,5
Art Model,5
Rsdnc Halls Mgr,5
Remd Tut II-Gship,5
Faculty Advisor,5
Admin Anl Prn 2,5
Vice Chan Asc,5
Assoc Proj Scientist-Fy,5
Supv Teacher Ed-Ay,5
Bus Sys Anl 3,5
Editor,5
Producer Dir Sr,4
Baker Prn,4
Bldg Maint Worker,4
Recreation Supv Sr,4
Custodian,4
Artist,4
Baker Sr,4
Auto Tchn Ld,4
Accountant 3,4
Coach Spec,4
Assoc Librarian-Potntl Career,4
Stdt Health Physcn 4,4
Admin Anl Ast,4
Res-Fy-B/E/E,4
Irrigation Spec,4
Clin Nurse 2,4
Mgn Producer Dir,4
Theater Prod Supv,4
Personnel Anl Prn 2,4
Vice Chan Ast,4
Phys Ther 2 Nex,4
Food Svc Mgr Ast Supv,4
Lab Mechn Sr,4
Unclassified,4
Dev Tchn 3,3
Rsdt Advisor,3
Engr Ast,3
Supv Teacher Ed-Ay-Continuing,3
Physcn Ast,3
Assoc Adj Prof-Ay,3
Asst Res-Fy-B/E/E,3
Continuing Educator II,3
Vis Asst Proj Scientist,3
Producer Dir Ast,3
Buyer 2,3
Academic Coord III-Ay,3
Lab Ast 4,3
Engr Asc,3
Ehs Spec Prn,3
Assoc Univ Librarian,3
Artist Prn,3
Pharmacy Tchn 1,3
Publ Crd Sr,3
Vis Assoc Res,3
Sra 3 Supv,3
Dental Hygienist,3
Mgr Asc,3
Rsdnc Halls Mgr Ast,3
Tchn,3
Producer Dir Prn,3
Publ Info Repr,3
Assoc Res-Fy-B/E/E,3
Mail Processor Sr,3
Accountant 2 Ex,3
Camp Cnslr,3
Electr Tchn Supv,3
Bldg Maint Worker Ld,3
Museum Sci,3
Mail Processor,3
Hosp Blank Ast 2,2
Tchn Sr,2
Dental Ast,2
Lab Helper,2
Stdt Health Physcn 3 Pd,2
Engr Sr,2
Planner Sr,2
Act Prof-Ay,2
Dev Tchn 4,2
Groundskeeper Sr Ld,2
Hosp Blank Ast 3,2
Storekeeper Ld,2
Reader-Non Gship/Non Rep,2
Stdt 3 Non Uc,2
Editor Prn,2
Computer Resc Spec 1,2
Police Lieutenant Msp,2
Clin Lab Sci,2
Asst Librarian-Career Status,2
Zone Ld,2
Director,2
Theater Prod Supv Sr Ex,2
Mech Shop Supt,2
Scene Tchn Ast,2
Voc Nurse Sr,2
Phlebotomist,2
Consulting Physcn Shs,2
Ath Trainer Supv,2
Computer Network Tchno 2 Supv,2
Advocate 3,2
Vis Asst Res,2
Clin Social Worker 2,2
Radlg Tchno Sr,2
Asst Adj Prof-Ay,2
Dev Engr Supv,2
Photographer,2
Budget Anl Prn 2,2
Act/Interim Dean,2
Continuing Appt-Temp Aug,2
Collections Repr Sr,2
Prg Repr 2,2
Exec Ast Or Spc Ast,2
VC Stdt Affairs,2
Custodian Ld,2
Academic Coord I-Ay,2
Admin Stipend,2
Wardrobe Tchn,2
Publ Crd,2
Musician Sr,2
Lrng Skls Cnslr Prn,2
Auto Equip Opr Sr,2
Faculty Consultant,2
Sra 2 Supv,2
Storekeeper Sr Supv,2
Lect-Miscellaneous/Part Time,2
Technology Transfer Ofcr 1,2
Clin Social Worker Chf Asc,2
Phys Plt Supt,2
Sra 4 Supv,2
Clerk Sr Or Secr,2
Mech Shop Supt Sr,2
Cook Ast,2
Museum Preparator Prn,2
Stdt 4 Non Uc,2
Admin Anl Prn 1,2
Teacher-Spec Prog,2
Dev Engr Asc Supv,1
Prg Repr 3 Supv,1
Exec VC And Provost,1
Admin Anl,1
Asst Univ Librarian,1
Producer Dir,1
Adj Prof-Ay-B/E/E,1
Univ House Mgr,1
Assoc Res-Ay-1/9-B/E/E,1
Publications Mgr,1
Clin Lab Sci Spec Supv Sr Nex,1
VC Rsch,1
Bldg Maint Supv,1
Teachg Fellow-Gship,1
Planner Asc,1
Exec Ast,1
Recall Teaching Non-Senate,1
Ehs Spec 3 Supv,1
Reg Dental Ast,1
Admin Nurse 3,1
Auto Tchn Supv,1
Data Proc Prod Crd Sr,1
Asc Physcn,1
Architectural Asc Nex,1
Fac Requirements Anl Sr,1
Registrar,1
Key Entry Opr,1
Asst Librarian-Temp Status,1
Campus Ombudsperson,1
Food Svc Worker,1
Const Insp Ast,1
Technology Transfer Ofcr 2,1
Publications Mgr Supv,1
Stores Worker,1
Prg Repr 3,1
Assoc Res-Ay,1
Budget Anl Sr,1
Ehs Tchn,1
Craft Zone Sr Ld,1
Engr Asc Supv,1
Dentist Sr,1
Publ Safety Dispatcher Ld,1
Accountant Ast,1
Mri Tchno,1
Optometrist Supv,1
Phys Ther 3 Supv Nex,1
Chan,1
Stores Supv Sr,1
Stdt Health Physcn 5 Pd,1
Auto Attendant,1
Optometrist Nex,1
Personnel Anl Prn,1
Ehs Spec 2 Supv,1
Buyer Prn,1
Continuing Educator III,1
Custodian Prn Supv,1
Police Chf,1
Nurse Practitioner Mgr 3,1
Ehs Spec Supv,1
Lrng Skills Cnslr Sr Nex,1
Pharmacist Sr Mgr,1
Assoc Vice Chanc,1
Faculty Recruitment Allow,1
Writer,1
Nurse Practitioner 3,1
Gsr-Full Fee Rem,1
Scene Tchn,1
Museum Sci Sr,1
Stores Supv,1
Accountant 4 Supv,1
Ehs Tchn Prn,1
Prg Promotion Mgr 1,1
Dev Engr Sr Supv,1
Police Chf Ast Or Captain,1
Asst Librarian-Potntl Career,1
Lab Mechn,1
Police Trainee,1
Wardrobe Tchn Sr,1
Dean-Extended Learning,1
Publ Events Mgr Prn Supv,1
Dev Tchn 1,1
Ombudsman-Acad,1
Staff Physcn,1
Mail Svc Supv,1
Res-Ay-1/9,1
Museum Sci Ast,1
Univ Librarian,1
Stdt Health Dentist 4 Pd,1
Prg Promotion Mgr 2,1
Security Guard,1
Adj Prof-Ay,1
Publ Info Repr Supv,1
VC Bus Admst,1
Phys Ther Ast 2,1
Storekeeper,1
Deaf Translator Interpreter,1
Librarian-Potntl Career Status,1
Piano Tchn,1
Clin Social Worker 3,1
Musician Prn,1
Planner Prn,1
Recreation Supv Prn,1
Sound Tchn,1
Locksmith Ld,1
Director-Eap Study Center,1
Publ Events Mgr Ast,1
Clin Lab Sci Pd,1
Stdt Health Physcn 4 Pd,1
Auditor 3,1
Auditor 1,1
Auditor 4,1
Lab Mechn Prn,1
Computer Ops Supv Sr,1
Educ Fac Planner Sr,1
