Position,Wages
Acad Achievement Cnslr 2,273835
Acad Achievement Cnslr 3,522482
Acad Achievement Cnslr 4,983415
Acad Achievement Cnslr 5,169123
Acad Achievement Mgr 1,302419
Acad Achievement Supv 2,158421
Acad HR Anl 1,59538
Acad HR Anl 2,1700873
Acad HR Anl 3,1737427
Acad HR Anl 4,691694
Acad HR Anl 5,291276
Acad HR Mgr 1,668777
Acad HR Mgr 3,147772
Acad Prg Mgr 2,1153823
Acad Prg Mgt Ofcr 4,4066106
Acad Prg Mgt Ofcr 5,3398985
Academic Administrator Vi,223148
Academic Administrator Vii,1131974
Academic Coord I-Ay,516620
Academic Coord I-Fy,3124558
Academic Coord II-Ay,259174
Academic Coord II-Fy,6501250
Academic Coord III-Ay,65768
Academic Coord III-Fy,955522
Accountant 2 Nex,361166
Accountant 3,1726699
Accountant 4,585624
Accountant 5,256192
Accounting Mgr 1,210729
Accounting Mgr 2,94651
Accounting Mgr 3,226162
Accounting Mgr 4,214443
Accounting Supv 2,376783
Act Assoc Prof-Ay-B/E/E,119131
Act Asst Prof-Ay,87783
Act Asst Prof-Ay-B/E/E,118742
Act Instr-Grad Stdnt-GSHIP,97506
Act Instr-Grad Stdnt-Non-GSHIP,4298
Act Prof-Ay-Law,2739316
Act/Interim Assoc Dean,207291
Adj Prof-Ay,2783864
Adj Prof-Ay-1/9-B/E/E,18711
Adj Prof-Ay-B/E/E,498183
Adj Prof-Fy,34010
Adj Prof-Fy-B/E/E,104467
Admin Ast 1,44056
Admin Ast 2,19457
Admin Ast 3,55364
Admin Mgr 1,5597623
Admin Mgr 2,2701008
Admin Mgr 3,2153506
Admin Mgr 4,1248221
Admin Nurse 4,114435
Admin Ofcr 2,6419230
Admin Ofcr 3,5297266
Admin Ofcr 4,2729483
Admin Stipend,5833
Admin Supv 1,637021
Admin Supv 2,1108458
Admissions Evaluator 3,287788
Admissions Recrmt Mgr 1,542039
Admissions Recrmt Mgr 3,166837
Admissions Recrmt Spec 1,32610
Admissions Recrmt Spec 2,1084157
Admissions Recrmt Spec 3,2396503
Admissions Recrmt Spec 4,784962
Admissions Recrmt Supv 2,287460
Aerospace Engr 2,1076124
Aerospace Engr 3,907484
Aerospace Engr 4,694928
Aerospace Engr 5,175677
Aerospace Mgr 2,1130384
Aerospace Mgr 3,748973
Aerospace Tchn 3,168240
Agricultural Tchn,41848
Agricultural Tchn Sr,25025
Agron Aes,4974421
Agron Aes-Ay,4338830
Applications Prg Supv 2,480588
Applications Progm Mgr 1,1394617
Applications Progm Mgr 2,487670
Applications Progm Mgr 3,178278
Applications Progr 1,109050
Applications Progr 2,1665341
Applications Progr 3,10274366
Applications Progr 4,6330013
Applications Progr 5,355971
Artist,7639
Artist Sr,293207
Asc Head Coach Crd 4,1048058
Assoc Adj Prof-Ay,1316719
Assoc Adj Prof-Ay-1/9-B/E/E,32630
Assoc Adj Prof-Ay-B/E/E,166806
Assoc Agron Aes-Ay,2596141
Assoc Agron Aes-Ay-B/E/E,331917
Assoc Clin Prof-Vol,4365
Assoc Curator,216654
Assoc Dean,2307136
Assoc Director,248151
Assoc Fld Prog Supv,361702
Assoc In __ -Ay-1/9-GSHIP,9304705
Assoc In__-Ay- 1/9 -Non-GSHIP,231868
Assoc Law Librarian,237957
Assoc Librarian -Career Status,677658
Assoc Librarian-Potntl Career,216750
Assoc Librarian-Temp Status,406736
Assoc Prof In Res-Ay,107334
Assoc Prof Of Clin-Fy,244009
Assoc Prof-Ay,25836257
Assoc Prof-Ay-B/E/E,9914653
Assoc Prof-Fy,401743
Assoc Proj Scientist-Fy,999806
Assoc Proj Scientist-Fy-B/E/E,259386
Assoc Res-Ay,174215
Assoc Res-Ay-1/9,54776
Assoc Res-Ay-B/E/E,196458
Assoc Res-Fy,3341560
Assoc Res-Fy-B/E/E,1129737
Assoc Specialist,9614846
Assoc Specialist Coop Ext,194466
Assoc Univ Librarian,213395
Assoc Vice Provost,240686
Asst Adj Prof-Ay,762675
Asst Adj Prof-Ay-1/9,5061
Asst Adj Prof-Ay-B/E/E,73447
Asst Agron Aes-Ay,1530776
Asst Clin Prof-Vol,10034
Asst Curator,105737
Asst Dean,164577
Asst Law Librarian,103492
Asst Librarian-Temp Status,152038
Asst Prof Of Clin-Fy,79208
Asst Prof-Ay,14705497
Asst Prof-Ay-B/E/E,9375923
Asst Prof-Fy,135700
Asst Proj Scientist-Fy,1938641
Asst Proj Scientist-Fy-B/E/E,1668947
Asst Res-Ay,129229
Asst Res-Fy,6877383
Asst Res-Fy-B/E/E,3634963
Asst Specialist,3331369
Asst Specialist Coop Ext,21450
Asst Univ Librarian,145673
Astronomer Recalled,1428
Ath Intern,8374
Ath Mgr 2,329544
Ath Mgr 3,425844
Ath Mgr 4,489493
Ath Profl 1,170113
Ath Profl 2,265985
Ath Profl 3,1789422
Ath Profl 4,113013
Ath Supv 2,298644
Ath Trainer 2,4713
Ath Trainer 3,777516
Ath Training Mgr 1,105933
Audit Mgr 2,138691
Audit Mgr 3,176585
Auditor 2 Ex,68238
Auditor 3,176539
Auditor 4,196746
Auto Equip Opr Prn,172716
Auto Equip Opr Sr,650947
Auto Tchn Ast,73905
Av IT Engr 4,323486
Av IT Mgr 1,188747
Av IT Mgr 2,109637
Av IT Spec 3,133237
Av IT Spec 4,562850
Av IT Supv 1,77369
Baker,105481
Benefits Anl 2,84522
Benefits Anl 3,85667
Benefits Anl 4,197495
Benefits Mgr 1,24728
Bibliographer 2,36696
Blank Ast 1,2075626
Blank Ast 2,10165061
Blank Ast 3,26661278
Bldg Maint Worker,382341
Bldg Maint Worker Ld,749107
Bldg Maint Worker Sr,1056328
Broadcast Comm Mgr 1,78515
Broadcast Comm Supv 1,54014
Bus Sys Anl 2 Nex,473124
Bus Sys Anl 3,1990052
Bus Sys Anl 4,2844491
Bus Sys Anl 5,408536
Bus Sys Anl Mgr 1,195906
Bus Sys Anl Supv 2,198876
Bus Tchl Supp Anl 2,3716917
Bus Tchl Supp Anl 3,2718172
Bus Tchl Supp Mgr 1,187644
Bus Tchl Supp Supv 1,382461
Bus Tchl Supp Supv 2,1195948
Buyer 1,110321
Buyer 2,484382
Buyer 3,602722
Buyer 4,56325
Buyer 5,184895
Camp Cnslr,268610
Career Svc Mgr 1,222798
Career Svc Mgr 2,214720
Career Svc Mgr 3,140910
Career Svc Spec 2,227691
Career Svc Spec 3,658355
Career Svc Spec 4,1775828
Career Svc Spec 5,96196
Career Svc Supv 2,124166
Carpenter Locksmith,2249046
Carpenter Locksmith Worker Ld,289010
Cart Captionist,113434
Cart Captionist Pd,40413
Cement Mason,274611
Cement Mason Ld,44946
Chan,247858
Chancellor,528285
Chef 2,690894
Chf Campus Counsel,243000
Child Dev Ctr Ast,497135
Child Dev Ctr Teacher 1,1252105
Clerk,12737
Clerk Sr Or Secr,1005422
Clin Instr-Vol,29472
Clin Lab Mgr 1,100656
Clin Lab Sci,85528
Clin Lab Sci Pd,26594
Clin Lab Sci Spec,103661
Clin Nurse 2,796854
Clin Nurse 3,143343
Clin Nurse Supv 2,95833
Clin Social Worker 2,134842
Clin Social Worker 3,703018
Clinic Ops Supv 1,163768
Clinic Ops Supv 2,53697
Coach Ast 2,912173
Coach Ast 3,3965177
Collections Repr Sr,286586
Comm And Network Tchl Anl 2,62796
Comm And Network Tchl Anl 3,714030
Comm And Network Tchl Anl 4,390464
Comm And Network Tchl Anl 5,197208
Comm And Network Tchl Mgr 1,267635
Comm And Network Tchl Supv 2,96625
Comm Mgr 1,552898
Comm Mgr 3,224597
Comm Mgr 4,247043
Comm Spec 3,1240365
Comm Spec 4,2062833
Comm Supv 2,310361
Compensation Anl 3,76844
Compensation Anl 4,176041
Compensation Anl 5,98734
Compensation Mgr 2,165022
Computer Resc Spec 1,225094
Computer Resc Spec 2,2667941
Const Insp 5,190511
Continuing Appt-Temp Aug,229890
Continuing Appt-Temp Aug-1/9,110558
Continuing Educator I,69929
Continuing Educator II,534119
Continuing Educator III,515316
Contract Adm 2,160531
Contract Adm 3,661283
Contract Adm 4,444750
Contract Adm 5,256234
Contract Admst Mgr 1,103667
Contracts And Grants Mgr 1,708001
Contracts And Grants Mgr 2,256813
Contracts And Grants Mgr 3,263535
Contracts And Grants Supv 2,804480
Cook,1791798
Cook Ast,159194
Cook Sr,350821
Coop Ext Advisor,98692
Coord Fld Wk-Ay-Continuing,100298
Coord Fld Wk-Fy,239782
Coord Public Prog III,111246
Coord Public Prog IV,384267
Coord Public Prog V,649936
Coord Public Prog Vi,889435
Coord Public Prog Vii,749305
Coord Public Prog Viii,816123
Counsel,257813
Counsel 4,291325
Counseling Psychologist 1 Nex,259720
Counseling Psychologist 2,177839
Counseling Psychologist 3,1216848
Counseling Psychologist 4,212627
Counseling Psychology Mgr 1,449158
Counseling Psychology Mgr 2,155587
Curator 4,407728
Curatorial Mgr 1,244527
Curatorial Mgr 2,136806
Curatorial Mgr 3,208946
Curatorial Supv 2,62776
Curriculum Planner 3,417406
Custodial Mgr 1,3078
Custodial Supv 1,921324
Custodial Supv 2,293834
Custodian,6364320
Custodian Ld,800916
Custodian Leader,99369
Custodian Leader Sr,748338
Custodian Sr,7530817
Data Proc Prod Crd Prn,501516
Data Sys Anl 1,27662
Data Sys Anl 2,505450
Data Sys Anl 3,642793
Data Sys Anl 4,1650461
Data Sys Mgr 1,510421
Data Sys Mgr 2,437982
Database Adm 2,128259
Database Adm 3,627995
Database Adm 4,530243
Database Adm 5,142091
Dean,5625387
Dev Tchn 1,48931
Dev Tchn 3,167960
Dev Tchn 4,319132
Dev Tchn 5,754117
Digital Comm Mgr 1,341187
Digital Comm Spec 3,2902232
Digital Comm Spec 4,1467675
Digital Comm Supv 2,86605
Director,3037050
Early Childhood Educ Mgr 2,23248
Early Childhood Educ Supv 2,216855
Early Childhood Site Crd 4,285822
Editor,348572
Editor Ast,21632
Eeo Repr 3,72438
Eeo Repr 4,73325
Ehs Mgr 1,380460
Ehs Mgr 2,151383
Ehs Mgr 3,167739
Ehs Spec 1 Nex,55338
Ehs Spec 2 Nex,336898
Ehs Spec 3,1711897
Ehs Spec 4,731941
Ehs Spec 5,342238
Ehs Supv 2,280905
Ehs Tchn Prn,342153
Ehs Tchn Sr,191810
Electnr,1781005
Electr Tchn,329039
Electr Tchn Prn,92204
Electr Tchn Sr,430737
Electrn Worker Ld,532751
Elevator Mech,562091
Elevator Mech Ld,124377
Employee Rel Mgr 2,66521
Employee Rel Repr 3,127526
Employee Rel Repr 4,381765
Employment Mgr 1,141680
Employment Repr 2,176590
Employment Repr 3,476481
Employment Repr 4,401865
Engr Tchn Supv 2,279777
Enterprise Risk Mgr 1,113716
Enterprise Risk Mgr 2,141892
Enterprise Risk Mgt Anl 2,114813
Enterprise Risk Mgt Anl 3,233913
Enterprise Risk Mgt Anl 4,383735
Enterprise Risk Mgt Anl 5,237638
Equip Operating Engr,67086
Equip Operating Engr Worker Ld,84106
Events Crd 2,80100
Events Mgr 1,292272
Events Spec 1,38772
Events Spec 2,935075
Events Spec 3,2814204
Events Spec 4,815832
Events Supv 1,226518
Events Supv 2,222746
Exec Advisor 4,588690
Exec Advisor 5,1460374
Exec Advisor Mgr 2,173176
Exec Advisor Mgr 3,420111
Exec Ast 3,3717625
Exec Ast 4,642285
Exec Ast 5,115723
Exec Chef 4,69436
Exec Dean Func Area,181423
Exec Vice Provost Func Area,194325
Executive Chef 5,104536
Exhibitions Mgr 1,85344
Exhibitions Spec 4,138705
Exhibitions Supv 1,54170
External Rel Mgr 1,216257
External Rel Mgr 2,361912
External Rel Mgr 3,165883
External Rel Spec 2,613250
External Rel Spec 3,2044971
External Rel Spec 4,579073
External Rel Spec 5,1057089
External Rel Supv 1,47872
External Rel Supv 2,256581
Fac Mgr 1,268895
Fac Mgr 2,970946
Fac Mgr 3,128442
Fac Mgt Spec 2,1734789
Fac Mgt Spec 3,1085127
Fac Mgt Spec 4,492534
Fac Project Mgr 2,426904
Fac Project Mgr 3,37338
Fac Project Mgr 4,229990
Fac Project Mgt Spec 2,459727
Fac Project Mgt Spec 3,1376436
Fac Project Mgt Spec 4,2288089
Fac Project Mgt Spec 5,1097810
Fac Supv 1,1251943
Faculty Consultant,8350
Farm Maint Worker Sr,99650
Field Researcher 4,53541
Field Rsch Mgr 1,279551
Field Rsch Supv 1,43123
Financial Aid Mgr 1,283920
Financial Aid Mgr 2,306118
Financial Aid Mgr 3,147791
Financial Aid Ofcr 2,125401
Financial Aid Ofcr 3,1520842
Financial Aid Ofcr 4,435221
Financial Aid Supv 1,53546
Financial Aid Supv 2,360949
Financial Anl 1,68082
Financial Anl 2,1137201
Financial Anl 3,3562485
Financial Anl 4,3851563
Financial Anl 5,793911
Financial Anl Mgr 1,1623389
Financial Anl Mgr 2,1021897
Financial Anl Mgr 3,378251
Financial Anl Mgr 4,195331
Financial Anl Supv 2,355039
Financial Svc Anl 1,77156
Financial Svc Anl 2,4266512
Financial Svc Anl 3,2597318
Financial Svc Anl 4,735076
Financial Svc Mgr 1,512401
Financial Svc Mgr 2,407937
Financial Svc Mgr 3,313150
Financial Svc Supv 1,527105
Financial Svc Supv 2,862021
Fire And Security Sys Tchn,230156
Fld Prog Supv,152125
Fld Wk Consult-Ay,300131
Fld Wk Consult-Ay-Continuing,288396
Food Svc Mgr 1,427983
Food Svc Mgr 2,199452
Food Svc Mgr 3,146195
Food Svc Supv 1,1155725
Food Svc Supv 2,425100
Food Svc Worker,75048
Food Svc Worker Ld,352950
Food Svc Worker Prn,291615
Food Svc Worker Sr,2759977
Fundraiser 1 Nex,52350
Fundraiser 2 Nex,1823543
Fundraiser 3,3750270
Fundraiser 4,3957244
Fundraiser 5,1498910
Fundraising Mgr 1,1571916
Fundraising Mgr 2,1385335
Fundraising Mgr 3,1605717
Fundraising Mgr 4,223834
Fundraising Supv 1,117937
GSAR-Non GSHIP,19360
General Svc Other Supv 1,61722
Glazier,51913
Glazier Worker Ld,45260
Government Rel Spec 3,87619
Government Rel Spec 4,115759
Government Rel Spec 5,140740
Groundskeeper,55433
Gsr-Full Fee Rem,27588179
Gsr-No Rem,10163034
Gsr-Partial Fee Rem,1471693
Gsr-Tuit & Fee Rem,5324654
HR Ast 2,44844
HR Ast 3,247596
HR Generalist 1,100561
HR Generalist 2,2004547
HR Generalist 3,2878221
HR Generalist 4,1183385
HR Mgr 1,1489434
HR Mgr 2,168176
HR Mgr 4,188561
HR Supv 2,913612
Head Coach 5,10261017
Health Care Adm Mgr 2,246223
Health Care Adm Mgr 3,185331
Health Educ Mgr 1,184455
Health Educator 1,35347
Health Educator 2,2700
Health Educator 3,156809
Health Educator 4,490643
Health Educator 5,128175
High Volt Electrn,609697
High Volt Electrn Ld,124432
Hosp Ast,43080
Hosp Ast 1 Pd,242299
Hosp Ast Sr,139648
Hosp Blank Ast 1,389674
Hosp Blank Ast 2,365150
Hosp Blank Ast 3,251938
Hs Assoc Clin Prof-Ay,366959
Hs Assoc Clin Prof-Fy,306900
Hs Assoc Clin Prof-Hcomp,332376
Hs Asst Clin Prof-Ay,651977
Hs Asst Clin Prof-Fy,349354
Hs Clin Instr-Ay,369113
Hs Clin Instr-Fy,219130
Hs Clin Prof-Ay,601128
Hs Clin Prof-Fy,662428
IT Architect 3,150749
IT Architect 4,945773
IT Architect 5,417147
IT Security Anl 3,89592
IT Security Anl 4,977110
IT Security Anl 5,252942
Illustrator Sr,46680
Info Sys Anl 1,63585
Info Sys Anl 2,672420
Info Sys Anl 3,4102893
Info Sys Anl 4,1819698
Info Sys Mgr 1,1782116
Info Sys Mgr 2,1100594
Info Sys Mgr 3,1526106
Info Sys Mgr 4,400492
Info Sys Supv 2,395393
Insp Planner Est Nex,68985
Inspection Mgr 3,130464
Institutional Rsch Anl 3,316512
Institutional Rsch Anl 4,734525
Institutional Rsch Anl 5,337498
Institutional Rsch Mgr 3,184780
Insulation Worker,130931
Insulation Worker Ld,98384
Intellectual Property Mgr 2,79784
Intellectual Property Mgr 3,188347
Intellectual Property Ofcr 2,59383
Intellectual Property Ofcr 4,859209
Irrigation Mech,107211
Irrigation Mech Ld,80481
Jr Specialist,2858272
K To 14 Acad Prep Mgr 1,651173
K To 14 Acad Prep Mgr 2,235668
K To 14 Acad Prep Mgr 3,139627
K To 14 Acad Prep Spec 1,4516
K To 14 Acad Prep Spec 2,140710
K To 14 Acad Prep Spec 3,1009273
K To 14 Acad Prep Spec 4,1047171
K To 14 Acad Prep Spec 5,83877
Lab Ast 1,736516
Lab Ast 2,1604204
Lab Ast 3,837582
Lab Ast 4,87315
Lab Glassblower Prn,70291
Lab Helper,93265
Lab Instruction Supv 1,61155
Lab Instruction Supv 2,494049
Lab Mechn,300184
Lab Mechn Helper,51845
Lab Mechn Prn,1612406
Lab Mechn Sr,515591
Lab Rsch Supv 1,120700
Lab Rsch Supv 2,304887
Labor Rel Mgr 2,126895
Labor Rel Repr 4,297592
Landscape Grounds Supv 1,375671
Language Ast,8478
Law Librarian,191558
Lect In Summer Session,1751018
Lect Psoe-Ay-Part Time,99084
Lect Soe-Ay,468467
Lect-Ay,7634279
Lect-Ay-1/9,6304825
Lect-Ay-1/9-Continuing,74396
Lect-Ay-Continuing,10292516
Lect-Miscellaneous/Part Time,11650
Librarian-Career Status,5466676
Librarian-Potntl Career Status,169005
Librarian-Temp Status,113569
Library Ast 1,194288
Library Ast 2,243967
Library Ast 3,1974653
Library Ast 4,1881493
Library Bookbinder,228475
Library Bookbinder Prn,40299
Library Bookbinder Prod Ld,56277
Library Bookbinder Sr,135636
Library Mgr 1,233209
Library Profl 4,2260904
Library Supv 1,516919
Library Supv 2,639212
Lifeguard,84157
Machinist,251146
Machinist Worker Ld,90347
Mail Processor,275297
Mail Processor Sr,141543
Mail Svc Mgr 1,82353
Marketing Mgr 1,622566
Marketing Spec 1,115939
Marketing Spec 2,832491
Marketing Spec 3,1062546
Marketing Spec 4,269496
Marketing Spec 5,132714
Marketing Supv 1,171399
Marketing Supv 2,239528
Massage Therapist 2,124411
Med Rcds Tchn,62900
Media Comm Mgr 1,85140
Media Comm Mgr 2,173272
Media Comm Spec 1,18397
Media Comm Spec 2,268419
Media Comm Spec 3,405324
Media Comm Spec 4,585457
Media Comm Spec 5,365973
Mgr,89694
Military/Air Sci&Tactics Asst,5962
Miscellaneous,216608
Museum Educ Mgr 1,167768
Museum Educ Supv 1,44254
Museum Educator 1,260036
Museum Educator 2,85557
Museum Educator 3,174506
Museum Preparator,140943
Museum Preparator Prn,266046
Museum Preparator Sr,128683
Museum Sci,1576533
Museum Sci Ast,201146
Museum Sci Sr,1480909
Musician 1,14512
Musician 2,31037
Musician 3,36224
Musician 4,310930
Non Evaluated Msp,170628
Nurse Pd,198336
Nurse Practitioner 2,437822
Nurse Practitioner 3,585002
Nurse Practitioner Pd,137487
Nursery Tchn,59933
Nursery Tchn Sr,120406
Ombuds Mgr 1,134630
Ombudsperson 2,50698
Ombudsperson 3,66793
Ombudsperson 4,57145
Ombudsperson 5,172030
Optician,279559
Optometrist 3,342457
Optometrist 4,195724
Optometry Mgr 1,105105
Organizational Cnslt 3,965466
Organizational Cnslt 4,1297872
Organizational Cnslt 5,1328124
Organizational Dev Mgr 1,279667
Organizational Dev Mgr 2,154165
Painter,694132
Painter Worker Ld,188660
Paralegal 2,69020
Paralegal 3,85081
Parking Ops Enforcement Mgr 1,83431
Parking Ops Enforcement Supv 1,173666
Parking Repr Ld,157482
Parking Repr Sr,213611
Payroll Anl 2,996595
Payroll Anl 3,245960
Payroll Anl 4,67887
Payroll Supv 1,66957
Payroll Supv 2,317531
Performing Arts Mgr 1,90333
Performing Arts Mgr 3,244620
Pest Cntrl Opr,61196
Pharmacist Pd,17546
Pharmacy Mgr 1,140022
Pharmacy Tchn 1,92415
Pharmacy Tchn 1 Pd,442
Phlebotomist,1328
Photographer,40836
Photographer Prn,61692
Photographer Sr,34718
Photographic Tchn Sr,27281
Phys Plt Laborer Gardener A,105985
Phys Plt Laborer Gardener B,1652815
Phys Plt Laborer Gardener Ld,779177
Phys Ther 3,378620
Phys Ther 4,54403
Phys Ther Mgr 1,114656
Physcn 3,304416
Physcn 4,1186390
Physcn 5,1658135
Physcn Mgr 1,279432
Physcn Mgr 2,166728
Physcn Mgr 3,255840
Planning Mgr 3,315424
Planning Spec 2,81846
Planning Spec 3,167758
Planning Spec 4,111892
Planning Spec 5,794434
Plumber Pipefitter,1392358
Plumber Pipefitter Worker Ld,254382
Police Chf,212659
Police Chf Ast Or Captain,132927
Police Lieutenant Msp,680832
Police Ofcr,4819385
Police Sergeant,1596391
Police Svc Supv 1,77549
Police Trainee,76069
Postdoc-Employee,39312261
Postdoc-Fellow,171650
Procurement Mgr 1,108528
Procurement Mgr 2,152721
Procurement Supv 1,71592
Procurement Supv 2,167283
Prod Cntrl Mgr 1,127155
Producer Dir,288069
Producer Dir Sr,357834
Prof Emeritus(Wos),2500
Prof In Res-Ay,223296
Prof In Res-Ay-B/E/E,135144
Prof Of Clin-Fy,369308
Prof-Acad Yr-Bus/Eng-Recalled,86314
Prof-Ay,93826608
Prof-Ay-1/9-Bus/Eng-Recalled,375634
Prof-Ay-B/E/E,47478012
Prof-Ay-Law,15596844
Prof-Fy,1983350
Professor Recalled-Acad Yr-1/9,53638
Professor-Acad Yr-Recalled,489229
Professor-Fiscal Yr-Recalled,93511
Proj Scientist-Fy,1793722
Proj Scientist-Fy-B/E/E,67633
Project Policy Anl 1,166003
Project Policy Anl 2,2545366
Project Policy Anl 3,3176580
Project Policy Anl 4,3213023
Project Policy Anl 5,1558963
Project Policy Anl Mgr 1,130073
Projectionist Sr,69141
Provost Func Area,321880
Psychologist 1,121036
Publ Educ Mgr 1,142776
Publ Educ Spec 1,207250
Publ Educ Spec 2,1542497
Publ Educ Spec 3,1847499
Publ Educ Spec 4,578073
Publ Educ Supv 2,149582
Publ Safety Dispatcher,678802
Publications Prod Mgr 1,87536
Publications Prod Spec 2,580176
Publications Prod Spec 3,869189
Publications Prod Spec 4,721149
Qa Chef 3,121691
Qa Release Mgt Anl 1,47601
Qa Release Mgt Anl 2,216590
Qa Release Mgt Anl 3,120130
Qa Release Mgt Anl 4,328866
Radlg Tchno Pd,78532
Radlg Tchno Prn Supv,74328
Reader-GSHIP,853839
Reader-Non GSHIP,696767
Reader-Non Stdnt,186324
Recall Non-Faculty Acad,1686431
Recording Tchn,53067
Recreation Coach 3,81522
Recreation Coach Mgr 1,136747
Recreation Mgr 1,197154
Recreation Prg Instr,48699
Recreation Prg Instr 1,189205
Recreation Prg Instr 2,1459774
Recreation Prg Instr 3,95873
Recreation Prg Leader 2,19684
Recreation Prg Leader 3,753225
Recreation Supv 1,434063
Recreation Supv 2,265846
Recycling Refuse Svc Mgr 1,76444
Registrar Collection Mgr 1,329750
Registrar Collection Supv 2,141485
Remd Tut II Non-GSHIP/Non Rep,814
Res ---- - Recalled,2517517
Res Prof-Miller Inst-Ay,218847
Res-Ay,1152138
Res-Ay-1/9,97981
Res-Ay-1/9-B/E/E,189112
Res-Ay-B/E/E,770601
Res-Fy,6406825
Res-Fy-B/E/E,870604
Rsch Adm 1,49059
Rsch Adm 2,1558389
Rsch Adm 3,6499847
Rsch Adm 4,3315791
Rsch Adm 5,529428
Rsch And Dev Engr 1,999753
Rsch And Dev Engr 2,2127344
Rsch And Dev Engr 3,2860864
Rsch And Dev Engr 4,2269533
Rsch And Dev Engr 5,464079
Rsch And Dev Engr Mgr 1,594370
Rsch And Dev Engr Mgr 2,545662
Rsch Cmplnc Anl 2,120259
Rsch Cmplnc Anl 3,612772
Rsch Cmplnc Anl 4,254587
Rsch Cmplnc Anl 5,86429
Rsch Cmplnc Mgr 3,172865
Rsch Cmplnc Supv 2,103416
Rsch Data Anl 2,1075949
Rsch Data Anl 3,865599
Rsdt Advisor 2,74373
Sales Spec 3,479957
Sales Spec 4,224075
Scene Tchn,5853
Scene Tchn Ast Pd,108522
Scene Tchn Pd,61161
Scene Tchn Prn,249380
Scene Tchn Sr,419186
Scene Tchn Sr Pd,203614
Security Guard,90363
Security Guard Sr,2522157
Security Supv 1,219763
Sheetmetal Worker Ld,81492
Skld Crafts And Trades Mgr 1,153736
Skld Crafts And Trades Supv 2,1057490
Social Work Mgr 1,96777
Sound Tchn,41234
Specialist,11674858
Specialist Coop Ext,1519484
Spectroscopist,172638
Sr Lect Soe-Ay,1583855
Sr Lect-Ay-Continuing,1524502
Sra 1,2952306
Sra 2,2453549
Sra 2 Nex,937153
Sra 3,2607049
Sra 4,1320256
Staff Pharmacist 1 Ex,230955
Stdt 1,6821923
Stdt 2,12800972
Stdt 3,3523247
Stdt 4,1802629
Stdt Acad Advisor 2,743997
Stdt Acad Advisor 3,3999435
Stdt Acad Advisor 4,1141221
Stdt Acad Mgr 1,327366
Stdt Acad Mgr 2,344739
Stdt Acad Spec 2,340811
Stdt Acad Spec 3,361646
Stdt Acad Spec 4,1141298
Stdt Acad Supv 2,294085
Stdt Activities Appt Official,472526
Stdt Advisor Mgr 1,473873
Stdt Advisor Mgr 2,96829
Stdt Advisor Supv 2,140013
Stdt Affairs Ofcr 2,2078
Stdt Aid Outside Agency,3750
Stdt Disability Mgr 1,179628
Stdt Disability Mgr 2,112627
Stdt Disability Spec 2,94791
Stdt Disability Spec 4,308492
Stdt Disability Supv 1,114152
Stdt Disability Supv 2,76951
Stdt Legal Svc Advisor 3,101925
Stdt Life Dev Mgr 1,331786
Stdt Life Dev Mgr 2,93899
Stdt Life Dev Mgr 3,161890
Stdt Life Dev Mgr 4,173333
Stdt Life Dev Spec 1,10443
Stdt Life Dev Spec 2,239439
Stdt Life Dev Spec 3,1297667
Stdt Life Dev Spec 4,489393
Stdt Life Devt Supv 1,529245
Stdt Life Devt Supv 2,287122
Stdt Svc Advisor 1,18445
Stdt Svc Advisor 2,2308565
Stdt Svc Advisor 3,4760171
Stdt Svc Advisor 4,1887792
Stdt Svc Mgr 1,1157579
Stdt Svc Mgr 2,309520
Stdt Svc Mgr 3,142695
Stdt Svc Mgr 4,200657
Stdt Svc Supv 1,172349
Stdt Svc Supv 2,773997
Steamfitter,1513055
Steamfitter Worker Ld,311523
Storekeeper,530902
Storekeeper Sr,599797
Storekeeper Sr Ld,66795
Storekeeping Supv 1,156247
Stores Worker,115175
Structural Engr 3,103055
Structural Engr 4,102883
Sty Engr,1744298
Sty Engr Worker Ld,262113
Supv 2,427268
Supv Pe-Ay,140290
Survey Researcher 2,73982
Survey Researcher 3,74277
Survey Worker,11668
Sys Adm 2,573321
Sys Adm 3,5000201
Sys Adm 4,3442595
Sys Adm 5,137379
Sys Admst Mgr 1,841776
Sys Admst Mgr 2,142369
Sys Admst Mgr 3,518379
Sys Admst Supv 2,191182
Tchl Project Mgr 1,388372
Tchl Project Mgr 2,134507
Tchl Project Mgt Profl 2,435560
Tchl Project Mgt Profl 3,862769
Tchl Project Mgt Profl 4,2217418
Tchl Project Mgt Profl 5,285520
Tchn 2,27535
Tchn 3,159760
Tchn Prn,452091
Tchn Sr,1064069
Teacher-Lhs-Continuing,250
Teacher-Spec Prog,1727832
Teacher-Spec Prog-Continuing,157253
Teacher-Unex,6250634
Teacher-Unex-Contract Yr,1313200
Teachg Asst-GSHIP,25116940
Teachg Asst-Non GSHIP,878132
Television Engr,89576
Television Tchn,37323
Television Tchn Prn,75504
Television Tchn Sr,63811
Theater Prod Spec 2,65437
Theater Prod Spec 3,180809
Theater Prod Spec 4,118179
Theatrical Prod Supv 1,85149
Trainer 2,137294
Trainer 3,873637
Trainer 4,1394034
Training Dev Mgr 1,262557
Transit Svc Supv 1,41653
Tree Trimmer,59088
Tree Trimmer Ld,62862
Truck Driver,480069
Truck Driver Supv,66396
Tut-GSHIP,113622
Tut-Non GSHIP,841031
Tut-Non Stdnt,292653
Univ Librarian,198450
Univ Prof,360477
User Experience Designer 3,121812
User Experience Designer 4,723274
User Experience Designer 5,152898
Vc Func Area,1783140
Veterinarian 3,214406
Vice Chan Asc,86226
Vice Provost,236958
Vis Assoc Prof,430212
Vis Assoc Res,394410
Vis Asst Prof,1446141
Vis Asst Proj Scientist,206414
Vis Asst Res,973392
Vis Prof,654399
Vis Res,652782
Visiting Professor - Fiscal Yr,8889
Visual Comm Spec 4,945589
Vst Assoc Professor-Ay-1/9Th,132763
Vst Asst Professor -Fiscal Yr,52076
Vst Asst Professor-Acad Yr-1/9,279822
Vst Professor-Acad Yr-1/9 Pmt,491953
Vst Professor-Law School Scale,164941
Vstg Aso Pro-Acad Yr-Bus/Eng,83333
Vstg Ast Pro-Acad Yr-Bus/Eng,472875
Vstg Prof-Acad Yr-Bus/Eng,524742
Writer,10063
Writer Editor 3,1560264
Writer Editor 4,1238792
Written Comm Mgr 1,98847
